method,mean,gaussian_noise,shot_noise,impulse_noise,defocus_blur,glass_blur,motion_blur,zoom_blur,snow,frost,fog,brightness,contrast,elastic_transform,pixelate,jpeg_compression
source,43.519999999999996,72.32,65.75,72.93,46.99,54.33,34.76,42.01,25.13,41.32,26.01,9.3,46.64,26.6,58.44,30.27
norm,20.433333333333334,28.06,26.12,36.28,12.78,35.3,14.16,12.11,17.26,17.42,15.23,8.4,12.67,23.77,19.63,27.31
tent,18.582,24.83,23.49,33.05,11.98,31.8,13.65,10.79,15.91,16.15,13.72,7.88,12.12,21.96,17.26,24.14
