method,mean,gaussian_noise,shot_noise,impulse_noise,defocus_blur,glass_blur,motion_blur,zoom_blur,snow,frost,fog,brightness,contrast,elastic_transform,pixelate,jpeg_compression
source,43.52200000000001,72.32,65.75,72.93,46.99,54.33,34.76,42.01,25.13,41.32,26.03,9.3,46.64,26.6,58.44,30.28
norm,20.435333333333332,28.07,26.12,36.27,12.79,35.3,14.16,12.12,17.27,17.42,15.23,8.4,12.67,23.77,19.63,27.31
tent,18.588,24.83,23.49,33.03,11.98,31.85,13.64,10.77,15.9,16.18,13.7,7.89,12.14,21.95,17.28,24.19
